,0
0,"Алматыдағы концертте басы дауға қалған әнші Shiza - Асхат Жолшиев жасаған әрекеті үшін рэп арқылы кешірім сұрады, - деп хабарлайды Tengrinews.kz"
1,"Кеше, 2 маусымда Шымкентте оқушылар арасында өткен ""Шымкент жастар лигасы"" атты спорттық жарыс мәресіне жетті. Айтулы жарыс спорттың төрт түрі,"
2,Ақтаулық дзюдошы Айбек Имашев өздерін арнайы операция жүргізіп жатқан тәртіп сақшысымын деп таныстырған алаяқтардың құрбаны болған. Бұл туралы
3,"1XBET компаниясы футболсүйер қауым үшін Қазақстанның төрт қаласында: Алматы, Ақтөбе, Ақтау және Қызылордада нағыз мереке ұйымдастырды, - деп"
4,"Сенаторлар мәдени-бұқаралық іс-шараларды өткізу жөніндегі талаптарға ""Ирина Кайратовна"" мен Shiza-ның концерттеріндегі оқиғадан кейін халықтың"
5,"ҚР премьер-министрі Әлихан Смайыловтың төрағалығымен өткен Үкімет отырысында отандық туризм мен ұлттық парктерді дамыту мәселелері қаралды,"
6,"Бас прокуратура 2022 жылдың қаңтарында Алматыда болған оқиғалардың хронологиясын жасады, - деп хабарлайды Tengrinews.kz тілшісі."
7,Мәдениет және спорт министрі Дәурен Абаев сахнаға мас күйде шыққан әртістер мәселесімен министрлік мамандары айналысып жатқанын айтты. Абаевтың
8,"Президент Қасым-Жомарт Тоқаев Халықаралық балаларды қорғау күніне орай ""Алматы БалаFEST"" қалалық балалар фестивалінің қорытынды іс-шарасына"
9,Кейінгі кезде әншілердің концерттерінде түрлі оқиға болып жүр. Әлеуметтік желілерде бұл жағдайлар қызу талқыланып жатыр. Tengrinews.kz
10,"Алматыда 1XBET компаниясының қолдауымен Almaty Major Fest өтті, - деп хабарлайды Tengrinews.kz тілшісі."
11,"Орал тұрғыны көпірден суға секіріп, аман қалды. Ол ""Динамо"" спорт базасы маңындағы көпірден суға секіріп кеткен, - деп хабарлайды ""Мой ГОРОД""."
12,"Мемлекет басшысы Қасым-Жомарт Тоқаев Халықаралық балаларды қорғау күнімен құттықтады, - деп хабарлайды Tengrinews.kz тілшісі Ақорда сайтына"
13,Ұлыбританиялық MMA Sport спорт порталының тілшісі Бен Смит Vesti.kz тілшісімен болған сұқбатында америкалық Джефф Молина (10-2) мен
14,"1 маусымда Халықаралық балаларды қорғау күні атап өтіледі. Астанада балалар мерекесіне орай 60-тан астам іс-шара өтеді, оның ішінде көрмелер,"
15,"Қызылорда облысында спорт саласындағы лауазымды тұлғалар сотталды, - деп хабарлайды Tengrinews.kz тілшісі Антикорға сілтеме жасап."
16,"""Ирина Кайратовна"" тобының мүшелері мен Shiza лақапатымен белгілі әнші Асхат Жолшиевтің әрекеті қоғамда әлі қызу талқыланып жатыр. Танымал өнер"
17,"Танымал продюсер Жан Мұқанов ""Ирина Кайратовна"" тобының мүшесі мен әнші Shiza-ны Алматыдағы концерттегі бейәдеп қылығы үшін біржола кешіруді"
18,"Жартылай ауыр салмақта WBA чемпионы Дмитрий Бивол (20-0, 11 KO) ""Спорт-Экспресс"" порталына берген сұхбатында Сауль ""Канело"" Альварес (57-2-2,"
19,"Қарағанды облысының Қарқаралы ауданына қарасты Бақты ауылының тұрғындары өз күшімен ішкі жолдардың барлығын жөндеп, елді мекенге кіре берістегі"
20,"Танымал актриса Дариға Бадықова сахнада ұятқа қалған ""Ирина Кайратовна"" тобының мүшелері мен Szhiza - Асхат Жолшиевті сынап тастады, - деп хабарлайды"
21,"Мемлекеттік хатшы Ерлан Қарин Алматыдағы Балуан Шолақ атындағы спорт сарайында болған концерттегі оқиғаға қатысты пікір білдірді, - деп хабарлайды"
22,"Күні кеше әлеуметтік желіде ""Ирина Кайратовна"" тобының мүшелері мен Shiza лақап атымен белгілі әнші Асхат Жолшиев сынға қалған еді. Танымал"
23,"Мәжіліс Төрағасы Ерлан Қошановтың Қарағанды облысына жұмыс сапары басталды, - деп хабарлайды Tengrinews.kz тілшісі."
24,"""Ирина Кайратовна"" тобының мүшелері мен Shiza лақапатымен белгілі әнші Асхат Жолшиев сынға қалды, - деп хабарлайды Tengrinews.kz тілшісі."
25,"Желіде Қостанайда оқушылар арасында болған жантүршігерлік төбелестің видеосы тарады, - деп хабарлайды Tengrinews.kz тілшісі."
26,Қазақстаннан Қытайға миллиард теңге тұратын піл пен мүйізтұмсық азу тістерін алып өтпек болған ресейлік ер адам ұсталды. Бұл туралы Бас көлік
27,"TikTok-та шымкенттік жанкүйердің опырылған шатыр астынан Қазақстан туын алып шыққан видеосы пайда болды, - деп хабарлайды Tengrinews.kz"
28,"Шымкентте футбол матчы кезінде дауыл салдарынан стадионның шатыры опырылды, - деп хабарлайды Tengrinews.kz тілшісі."
29,Қаңтардағы тәртіпсіздіктер кезінде жарақат алған Алматы қаласы спорт басқармасының басшысы Рүстем Байсейітов денсаулық жағдайына байланысты
30,"Футболдан 2022 жылғы әлем чемпионатына қатысты жанжал шықты, - деп хабарлайды Р-Спорт. "
31,"Қызық әрі пайдалы мақала ✅ ""Алматы жастары"" бағдарламасымен қалай баспана аламыз? Нұсқаулық ⚡ Tengrinews.kz интернет-порталында өзекті тақырыптағы жарияланымдарды онлайн оқыңыз."
32,Тоқаев ҰҚШҰ-ның Мәскеудегі саммитіне қатысты. Қазақстан халқының саны өсті. Ұлттық музей басшылығы қаражат жымқырды деген күдікке ілінді. Tengrinews.kz
33,"Ұлттық музей басшылығы бюджет қаражатын жымқырды деген күдікке ілінді, - деп хабарлайды Tengrinews.kz тілшісі Антикор баспасөз қызметіне сілтеме"
34,"Арыстанбек Мұғамедиұлы мәлімдеме жасады, - деп хабарлайды Tengrinews.kz тілшісі."
35,", - деп хабарлайды Tengrinews.kz тілшісі."
36,"Самсон Аракелян ""Астана"" баскетбол клубының бас директоры болды, - деп хабарлайды Tengrinews.kz тілшісі клуб сайтына сілтеме жасап."
37,"Ресейлік Сергей Ковалев екі жылдық үзілістен кейін кәсіпқой боксқа оралып, жеңіске жетті, - деп хабарлайды Vesti.kz. "
38,"Алматы әкімі Ерболат Досаев Әуезов ауданы тұрғындарымен өткен кездесуде ""Алматы жастары-2022"" бағдарламасы қашан басталатынын айтты, - деп хабарлайды"
39,"7 мамырда Қызылордада болған төбелес кезінде қаза тапқан үш адамның арасында қызылордалық спортшы Қуандық Жүсіп те болған, - деп хабарлайды"
40,Тоқаев мемлекеттік сапармен Түркияға келді. Азық-түлік бағасы ең көп жоғарылаған өңір аталды. Байден Украина үшін ленд-лиз туралы заңға қол
41,"Қазақстан Президенті мен Түркия басшысы кездесу барысында қандай құжаттарға қол қойғаны белгілі болды, - деп хабарлайды Tengrinews.kz тілшісі."
42,"Ресейлік боксшы Дмитрий Бивол мексикалық Сауль Альваресті жеңгеннен кейін Данияр Елеусіновке арнап видео түсірді, - деп хабарлайды Tengrinews.kz"
43,"Маңғыстау облысында түнде екі қала мен төрт ауылды су басты. Облыстық Төтенше жағдайлар департаменті бастығының орынбасары, подполковник Бекболат"
44,"Биылғы жылдың 10-25 қыркүйегі аралығында Ханчжоу қаласында (Қытай) өтуі тиіс 2022 жылғы Жазғы Азия ойындары белгісіз мерзімге шегерілді, - деп"
45,"ҚР Мәдениет және спорт министрлігі Қазақстан Ұлттық құрамасының Сурдлимпиададағы ойынына қатысты пікір білдірді, - деп хабарлайды Tengrinews.kz"
46,"Еркебұлан Қанафин Бразилияда Сурдлимпиада ойындарындағы дзюдо жарысында Қазақстан құрамасына алтын медаль сыйлаған еді. Алайда, осыдан кейін"
47,Конституциялық Кеңес Тоқаевтың өтініші бойынша шешім қабылдады. Президент үш облысты құру туралы Жарлыққа қол қойды. Қазақстандықтардың орташа
48,"Алматыда алты жаңа саябақ ашылады, - деп хабарлайды Tengrinews.kz тілшісі."
49,"Қасым-Жомарт Тоқаев Nazarbayev University-не барды, - деп хабарлайды Tengrinews.kz тілшісі Ақорда сайтына сілтеме жасап."
50,Ұлыбританиялық миллиардер Джим Рэтклифф Лондонның Челси футбол клубын төрт миллиард фунт стерлингке (шамамен бес миллиард доллар) сатып алуға
51,Кейінгі кезде шенеуніктер арасында жиі ауыс-түйіс болып жатқаны белгілі. Осы орайда Tengrinews.kz тілшісі ең жас шенеуніктерді анықтап
52,"Қазақстандық теннисші Александр Бублик азаматтығын ауыстыру және ұлттық командадағы болашағына қатысты пікір білдірді, - деп хабарлайды Tengrinews.kz"
53,"Шәкен Айманов атындағы ""Қазақфильм"" АҚ өндіріс жөніндегі вице-президенті Айдар Баталов қызметінен кетті, - деп хабарлайды Tengrinews.kz тілшісі."
54,"Жамбыл облысында ""Қаралма"" спорттық-туристік кешенінің құрылысы тоқтап тұр. Ал құрылысқа жауапты инвестор жобаны аяқтауға мемлекеттен жәрдем"
55,"Желіде Ақтауда 8 миллиард теңгеге стадион салынатыны туралы ақпарат тарады, - деп хабарлайды Tengrinews.kz тілшісі."
56,"Моңғолия астанасы Ұлан-Батырда күрестен Азия чемпионаты мәресіне жетті. Бұл қазақстандық балуандар үшін медаль толы жарыс болды, бірқатар рекорд"
57,"Қырғызстанда қазақстандық спортшының видеосы көпшілікті тәнті етті, - деп хабарлайды Sputnik Кыргызстан."
58,Алматыда 50 жылдық тарихы бар білім ордасынан шу шықты. Келешек олимпиада чемпиондарын даярлайтын Республикалық спорт колледжі жабылмақ. Мұны
59,Мәдениет және спорт министрлігі Алматы облысы әкімдігінің ауысуына байланысты Қапшағайдағы ойынханалар көшірілуі мүмкін бе деген сұраққа жауап
60,"Шетелде демалу бізге керемет жаңа көңіл-күй сыйлайды, әрі күнделікті күйбең тіршіліктен біршама демалуға мүмкіндік береді. Егер сіз спортты"
61,"Алматыда Шахмат федерациясы құрылды. Ұйымның президенті болып Жансая Әбдімәлік тағайындалды, - деп хабарлайды Tengrinews.kz тілшісі қазақстандық"
62,"Аз уақытта артық салмақпен күресуге болады. Оның жолы да сан алуан. Tengrinews.kz тілшісі аз уақытта арықтаған Жанна Кемалмен сөйлесіп,"
63,"Білім және ғылым министрі Асхат Аймағамбетов еліміздің барлық өңірінің студенттерімен, студенттік парламент, Жастар ісі жөніндегі комитеттерінің"
64,"Көктем дегеніміз - қысқа демалысқа, билеттер сатып алуға және бүкіл отбасымен саяхаттауға тамаша мүмкіндік. Kaz.tengritravel.kz порталы"
65,Қаржы министрі Ерұлан Жамаубаев бюджет қаражатын игермеген министрліктерді атады. Жеңілдетілген автонесие беру қашан басталатыны белгілі болды.
66,"Маңғыстау облысы әкімдігінің баспасөз қызметі инвестор Бозжыра шатқалында қонақүй кешені мен этноауыл салудан бас тартқанын хабарлады, - деп"
67,"Қаржы министрі Ерұлан Жамаубаев бюджет қаражатының көп көлемі игерілмеген министрліктерді атады. Олар - денсаулық сақтау, мәдениет және спорт,"
68,Биыл Рим Папасы Қазақстанға келеді. АҚШ билігі Тоқаевтың саяси күн тәртібін қолдайтынын айтты. Қазақстанда АЕК және ең төменгі күнкөріс
69,Бүгін мәдениет және спорт министрі Дәурен Абаевтың төрағалығымен Үкімет жанындағы республикалық ономастика комиссиясының отырысы өтті. Отырыста
70,"Қазақстандық боксшы Геннадий Головкин таяуда жапон Риота Муратаны жеңіп, IBO мен IBF белбеулеріне WBA титулын қосты. Дегенмен, жекпе-жектен"
71,"Еліміздің бірқатар өңірлерін су басу қаупі әлі де сейілмей тұр. Осыған орай Мәжіліс депутаттары аймақтарға іссапарға шығып, су апатынан зардап"
72,"Президент Қасым-Жомарт Тоқаев Геннадий Головкинді туған күнімен құттықтады, - деп хабарлайды Tengrinews.kz тілшісі."
73,Бұрынғы мәдениет және спорт министрі Ақтоты Райымқұлова жаңа қызметке келді. Мемлекет басщысы Қасым-Жомарт Тоқаев жұмыс сапарымен Қырғызстанға
74,Бұрынғы мәдениет және спорт министрі Ақтоты Райымқұлова жаңа қызметке келді. Бұл туралы Мәдениет және спорт министрлігінің баспасөз қызметі
75,"Қазақстандық шахматшы Бибісара Асаубаева Гиннестің рекордтар кітабына енді. Бұл туралы Спорт және дене шынықтыру істері комитеті өкілі айтты,"
76,Президент бұқаралық спортты дамытуды мемлекеттің әлеуметтік саясатындағы маңызды басымдықтардың бірі ретінде белгіледі. Мәдениет және спорт
77,"Қазақстандық Vesti.kz спорт порталы жанкүйерлерге Шавкат Рахмоновқа өз сауалдарын қоюға мүмкіндік беріп отыр, - деп хабарлайды Tengrinews.kz"
78,Министрлер қандай әлеуметтік желілерде отырады? Қанша оқырманы бар? Қай министр Желідегі парақшасын белсенді жүргізеді? Tengrinews.kz тілшісі
79,Оралда мамандандырылған әкімшілік сот 42 жастағы Қанат Жанғалиевке қатысты үкім шығарды. Олимпиадалық резервтегі спорт мектеп-интернатының директоры
80,"""Барселона"" басшылығы ""ПСЖ"" шабуылшысы Лионель Мессиді командаға қайта шақырмайды. Бұл туралы Р-Спорт басылымы мәлімдеді, - деп хабарлайды Tengrinews.kz"
81,"Әлеуметтік желіде күресіп жатқан әйелдердің видеосы тарады. Желі қолданушылары түрлі пікір білдірді. Бір топ бұрын бұл дәстүр болған десе, енді"
82,Павлодар қаласының тұрғыны Гүлсім Аяпбергенова Ertis хоккей клубының жаттықтырушысы 11 жастағы баласын ұрғанын айтты. Оған балалардың Ақтөбедегі
83,Білім және ғылым министрлігінде Алматы әкімдігіне білім беру саласына байланысты қосымша өкілеттік беру туралы шешім қабылданды. Бұл туралы
84,"Өзбекстанның намысын қорғайтын қазақ боксшысы Елнұр Әбдурайымов (8-0, 7 KO) кәсіпқой бокстағы келесі кездесуін 7 мамыр күні Лас-Вегас қаласындағы"
85,"Теміртауда футзал турниріндегі жаппай төбелестен кейін қылмыстық іс қозғалды. Төбелеске қатысушылардың барлығы полицияға жеткізілді, - деп хабарлайды"
86,"Қазақстан құрамасында өнер көрсететін ауыратлет Нижат Рахимов допингке қарсы ережелерді бұзғаны үшін алтын медальдан айырылып, сегіз жылға спорттан"
87,Мәдениет және спорт министрлігі өкілі виза ала алмағаны үшін Францияда өтетін жарыстарға қатыспайтын қазақстандық мәнерлеп сырғанаушы Михаил
88,"Мемлекет басшысы Қасым-Жомарт Тоқаев бүгін Алматы қаласының “Астана” алаңында өтетін мерекелік іс-шараға қатысып, барша Қазақстан халқын Ұлыстың"
89,"Ақтауда 16 күннен бері ер адам іздестіріліп жатыр, - деп хабарлайды Tengrinews.kz тілшісі Lada.kz сайтына сілтеме жасап."
90,"Ұлттық экономика министрлігі Қажымұқан Мұңайтпасұлы атындағы мемориалдық кешен құрылысы жобасын мақұлдамады, - деп хабарлайды Tengrinews.kz"
91,"Мемлекет басшысы Наурыз мерекесі қарсаңында еліміздің бірқатар азаматын мемлекеттік наградалармен марапаттады, - деп хабарлайды Tengrinews.kz"
92,"Мемлекет басшысы мәдениет және спорт министрі Дәурен Абаевты қабылдады, - деп хабарлайды Tengrinews.kz тілшісі Ақорданың ресми сайтына сілтеме"
93,"Ербол Әліқұлов Қарағанды облысы әкімінің әлеуметтік сала, ішкі саясат және қоғамдық даму жөніндегі орынбасары болып тағайындалды, - деп хабарлайды"
94,"Ереванның бұрынғы мэрі және жоғары технологиялық индустрия министрі Ваагн Хачатрян жексенбіде ұлттық жиналыстың арнайы отырысында ант беріп,"
95,"""Манчестер Юнайтед"" шабуылшысы Криштиану Роналду кәсіби карьерасындағы гол саны бойынша әлемдік рекорд орнатты, - деп хабарлайды Tengrinews.kz"
96,"Италиялық Tuttomercatoweb спорт порталы франциялық ""Пари Сен-Жермен"" шабуылшысы Лионель Месси осы маусымнан кейін футбол клубынан кетуі мүмкін"
97,Түрікменстанда бүгін сағат 07.00-де (Нұр-Сұлтан уақыты бойынша 08.00-де) мерзімінен бұрынғы президенттік сайлауда дауыс беру үшін 2577 сайлау
98,"Маңғыстау облысының мәдениет басқармасы кинорежиссер Қанат Майлыбаевқа ""Құдық"" атты жаңа фильмін көрсетуге тыйым салды, - деп хабарлайды Tengrinews.kz"
99,"Қырғызстанда денсаулық сақтау және қоғамдық көлік мекемелерінен басқа жерлерде 12 наурыздан бастап маска тағы міндетті болмайды, - деп хабарлайды"
100,"Жақында Қазақстанда голливуд фильмдерін прокаттау мәселесі шешіледі. Бұл туралы Мәдениет және спорт министрлігі хабарлады, - деп хабарлайды"
101,"Кикбоксингтен Украина мен Еуропаның бірнеше дүркін чемпионы, 20 жылдық тәжірибесі бар жаттықтырушы, кикбоксинг федерациясының президенті Николай"
102,"Қазақстандық ауыратлет Денис Ұлановқа 2016 жылы Олимпиада ойындарындағы нәтижесі үшін төленген сыйақысы сотта қайта қаралады, - деп хабарлайды"
103,Павлодарда футбол командасының 22 жастағы жаттықтырушысы спорттық манеждің сыртына ұшып кеткен допты аламын деп алты метрлік биіктен құлап түсті.
104,"Президент Қасым-Жомарт Тоқаев Нұр-Сұлтан мен Алматының әкімдеріне қала тұрғындарының өтінішіне құлақ асып, тұрғын үй кешендерінің жанынан биік"
105,"Алматының 2022 жылға арналған бюджеті өсті. Ол қалалық мәслихаттың XVI сессиясында жергілікті бюджетті нақтылау мақсатында бекітілді, - деп"
106,"Қайрат Нұртай Қызылорда облысы әкімінің орынбасары болып тағайындалды, - деп хабарлайды Tengrinews.kz тілшісі облыс әкімдігінің баспасөз"
107,"Бокстан Қазақстан ұлттық құрамасының мемлекеттік жаттықтырушысы тағайындалды, - деп хабарлайды Tengrinews.kz тілшісі."
108,"Біз ғимаратқа кіріп, тіркеу үстеліне қарай барамыз, содан кейін бақылау қақпасы арқылы күту бөлмесіне және соңында гейт арқылы ұшаққа отыруға"
109,"Қазақстандық боксшы Жанқош Тұраров (25-0, 18 КО) өзінің отандасы және досы Қанат Исламды (28-1, 22 КО) қолдады, - деп хабарлайды Tengrinews.kz"
110,Халықаралық футбол федерациясы (ФИФА) Халықаралық олимпиада комитетімен (ХОК) және Еуропалық футбол қауымдастықтары одағымен (УЕФА) Ресей құрамасына
111,Бейжің олимпиадасындағы жеңіліс үшін бірнеше бапкер қызметінен босатылатын болды. Мәдениет және спорт министрі Дәурен Абаев Щучьедегі олимпиада
112,"""Қазақстан халқына"" қоғамдық қоры алғашқы қайырымдылық жобаларын қаржыландыруды бастады, - деп хабарлайды Tengrinews.kz тілшісі қорға сілтеме"
113,"Мемлекеттік хатшы Ерлан Қариннің төрағалығымен Шетелде кадр даярлау жөніндегі республикалық комиссияның кезекті отырысы өтті, - деп хабарлайды"
114,2022 жылғы Олимпиадада Қазақстан құрамасының ту ұстаушысы Абзал Әжғалиев 2012 жылғы Олимпиада чемпионы Александр Винокуровпен кездескені туралы
115,Қызық әрі пайдалы мақала ✅ Ұсталған шетелдіктер және азаптау туралы шағымдар. Омбудсмен Әзімова қаңтар оқиғасы туралы ⚡ Tengrinews.kz интернет-порталында өзекті тақырыптағы жарияланымдарды онлайн оқыңыз.
116,Ұлттық конькишілер федерациясы ұйымның бұрынғы вице-президенті Оксана Теннің мәнерлеп сырғанаудан Қазақстан чемпионатын өткізу мерзімі туралы
117,"Қазақстан құрамасы 2022 жылы Бейжіңде өтіп жатқан Олимпиада ойындарын аяқтады, - деп хабарлайды Tengrinews.kz тілшісі Olympic.kz сайтына сілтеме"
118,"Бас мемлекеттік санитария дәрігер Айжан Есмағамбетова бірден екі қаулыға қол қойды, онда ""көк"" статусы бар қазақстандықтар үшін кейбір шектеулер"
119,"Сатирик-жазушы Табыл Құлияс 87 жасында дүниеден өтті, - деп хабарлайды Tengrinews.kz тілшісі Мәдениет және спорт министрлігінің баспасөз қызметіне"
120,"""Қазақ"" лақапатымен танымал ММА файтері Бағдат Дүйсембаев Мәскеу орталығында болған жанжалдың жай-жапсарын айтып берді, - деп хабарлайды Tengrinews.kz"
121,Мәдениет және спорт министрлігінің Спорт және дене шынықтыру комитеті Ұлттық Олимпиада комитетімен шартты мерзімінен бұрын тоқтатты. Бұл ақпаратты
122,Биыл 16 ақпанда Нұр-Сұлтан қаласында Қазақстанның жауынгерлік өнер қауымдастығы құрылтайшыларының жалпы жиналысы өтті. Жиналыс нәтижесінде қауымдастық
123,"Дәурен Абаев мәдениет және спорт министрлігінің басшысы лауазымына тағайындалуына қатысты пікір білдірді, - деп хабарлайды Tengrinews.kz тілшісі."
124,"2022 жылғы қысқы Паралимпиада ойындарында Қазақстан намысын кімдер қорғайтыны белгілі болды, - деп хабарлайды Tengrinews.kz тілшісі Ұлттық"
125,"""Қазақфильм"" киностудиясының президенті Ақан Сатаев киностудия жұмысындағы негізгі мәселелерді айтты. Белгілі режиссер ғимарат қабырғалары шіріп"
126,"Таиланд билігі ""туристік салықты"" енгізу күнін маусымға дейін кейінге қалдырылды. Бұл туралы Таиландтың туризм және спорт министрі Фипат Ратчакитпракарн"
127,Мемлекет басшысы Қасым-Жомарт Тоқаев Абзал Әжіғалиевке қолдау жеделхатын жолдады. Бұл туралы Президент баспасөз хатшысы Берік Уәли Facebook-те
128,"Қазақстанда спорт ғылыми-зерттеу институты құрылады. Бұл туралы Ұлттық Олимпиада комитеті спорт дирекциясының директоры Елсияр Қанағатов айтты,"
129,"Қазақстандық туроператор бала үшін тегін әуе билеті бар турпакеттің алғашқы сатылымын рәсімдеді, - деп хабарлайды Kaz.tengritravel.kz тілшісі"
130,Шаған өзені алқабындағы ағаштардың кесілуі қоғам белсенділерінің наразылығын тудырды. Бұл мәселе экологиялық қоғамдық кеңес отырысында көтерілді.
131,"Бақдәулет Сариев Тараз қаласы әкімінің орынбасары болып тағайындалды, - деп хабарлайды Tengrinews.kz тілшісі қала әкімдігінің баспасөз"
132,Қазақстандық фристайлшы Ақмаржан Қалмұрзаева 2022 жылы Бейжіңде өтетін Олимпиадада әйелдер арасындағы акробатикадан жарыстың финалына жолдама
133,"Қыс - зерігудің уақыты емес. Қазақстанда бұл мезгілде табиғат өте әдемі, ал кейбір аудандарда белуардан қалың қар жауады. Kaz.tengritravel.kz порталы Aviata.kz сервисімен"
134,Алматыдағы Абай атындағы қазақ мемлекеттік академиялық опера және балет театрына жаңа басшы тағайындалды. Бұл туралы мәдениет және спорт
135,"Жас хоккейшілер қостанайлық спортшы-полицей Денис Кузинге Бейжің Олимпиадасында сәтті өнер көрсетуін тілеп, видео жолдады, - деп хабарлайды"
136,Tengrinews.kz фототілшісі Тұрар Қазанғапов қазір Бейжіңдегі Олимпиада ойындарында жүр. Ол Жапонияда өткен жазғы Олимпиада ойындарына да барған.
137,"""Қазақстанның Швейцариясы"" - Бурабайдың таулары мен қарағайлы ормандарын ел осылай атайды. Ауыл Нұр-Сұлтан мен Көкшетаудың арасында орналасқан,"
138,"""Қайрат"" футбол клубының қорғаушысы Нұралы Әліп мансабын ""Зенитте"" жалғастырады. Қазақстан құрамасының ойыншысы ресейлік клубқа жалға беріледі,"
139,Бейжің қаласындағы Халық жиналысы үйінде Қазақстан Президенті Қасым-Жомарт Тоқаев пен Қытай Халық Республикасының Төрағасы Си Цзиньпин келіссөз
140,"4 ақпанда Бейжіңде XXIV Қысқы Олимпиада ойындары басталады, - деп хабарлайды Tengrinews.kz тілшісі Қытай Сыртқы істер министрлігі сайтына сілтеме"
141,1 қаңтардан бастап ел ішінде саяхаттайтын балалар үшін әуе билетінің құнын мемлекет өтейтін болады. Мәдениет және спорт министрінің бұйрығы
142,"Бейжіңде қысқы Олимпиада ойындарының алау эстафетасы басталды, - деп хабарлайды Tengrinews.kz тілшісі Reuters агенттігіне сілтеме жасап."
143,"""Қайрат"" футбол клубының жаңа бас директоры болып Асқар Есімов тағайындалды, - деп хабарлайды Tengrinews.kz тілшісі команданың баспасөз қызметіне"
144,"Буковель Украинада ғана танымал емес. Мұнда шаңғы мен сноуборд тебу үшін әр елден мыңдаған туристер келеді. Дамыған инфрақұрылымы, Карпат тауларының"
145,"Роза Кәрібжанова Мәдениет және спорт министрлігі Мәдениет комитетінің басшысы қызметіне тағайындалды, - деп хабарлайды Tengrinews.kz тілшісі"
146,Атырау қалалық ПД бастығының орынбасары Ерлан Биғамбаев Facebook әлеуметтік желісінде жақында әлеуметтік желілерде пайда болған айыптауларға
147,"Олимпиада орындарының ресми ашылу рәсімі 4 ақпанға жоспарланған. Алайда керлинг, фристайл, шайбалы хоккей сынды спорт түрінен жарыстар 2-3 ақпанда"
148,"Талсада (Оклахома, АҚШ) өткен кештің басты кездесуінде бразилиялық Робсон Консейсао америкалық Хавьер Мартинесті жеңді, - деп хабарлайды Tengrinews.kz"
149,"16-27 қаңтар аралығында ""Қазақстан халқына"" қоғамдық қорына қазақстандықтардан қанша ақша түскені белгілі болды. Бұл туралы қордың баспасөз"
150,"Бүгін, 28 қаңтарда қазақстандық спортшылар 2022 жылғы Қысқы ойындарға қатысу үшін Бейжіңге жетті. Атлеттер қажетті тексеруден өтіп, ПТР сынағын"
151,"""Халық"" Қайырымдылық қоры ""Қазақстан халқына"" қоғамдық әлеуметтік қорына қосымша 10 миллиард теңге бөледі. Мемлекет басшысының бастамасымен"
152,"27 қаңтарда бас мемлекеттік санитария дәрігерінің міндетін атқарушының жаңа қаулысы қабылданды, - деп хабарлайды Tengrinews.kz тілшісі Санитариялық-эпидемиологиялық"
153,"""Қазақстан"" телерадиокорпорациясы АҚ мен ""Хабар"" агенттігі АҚ ел аумағында 2022 жылғы Қытайда өтетін XXIV Қысқы Олимпиада ойындарының ресми"
154,"""Қазақстан халқына"" қоғамдық қорына қазақстандықтардан қанша ақша түскенін қордың баспасөз қызметі хабарлады, - деп хабарлайды Tengrinews.kz"
155,"Алматыдағы жағдайға байланысты жергілікті атқарушы органдардың 51 мемлекеттік қызметі ""Электронды үкімет"" порталында уақытша қолжетімсіз, -"
156,Ұлттық Олимпиада комитетінің бас хатшысы Андрей Крюков 2021 жылдың күзінде фристайлдан Қазақстан құрамасының сапындағы спортшылардың ақысына
157,"Қырғызстандағы тау шаңғысы курорттары қазақстандық туристерді қолжетімді бағасы, жолдың жоғары сапасы және қызмет көрсету деңгейінің сапасымен"
158,"Денсаулық сақтау министрі Ажар Ғиният Қазақстанда карантин шектеулері қалай жеңілдетілгенін түсіндірді, - деп хабарлайды Tengrinews.kz тілшісі."
159,"Ойындары ""Бірінші арнада"" көрсетілетін КВН Жоғары лигасына 25 команда шықты. Олардың қатарында Нұр-Сұлтанның қазақстандық ""Не кипишуй"" командасы"
160,"Қазақстандық домбырашылар Темірлан Олжабай мен Ернат Наурыз Испанияда өткен Music Box халықаралық байқауында ""Аспаптық музыка"" номинациясын"
161,"Вьетнам билігі ""туристік құмсалғыш"" жұмысының нәтижесіне қанағаттанып отыр. Сондықтан шекараның толық ашылуын ұзақ күте алмайды. Бұл туралы"
162,"Қасым-Жомарт Тоқаев Қазақстанның Олимпиада және Паралимпиада ұлттық құрамаларының мүшелерімен кездесті, - деп хабарлайды Tengrinews.kz тілшісі."
163,"Ұлттық Олимпиадалық комитет 2022 жылғы Бейжің Олимпиадасына арналған Қазақстан құрамасының формасын көпшілік назарына ұсынды, - деп хабарлайды"
164,"Сенатор Нұртөре Жүсіп Үкіметтің ұлттық құндылықтарды дамыту жөніндегі жұмысын сынға алып, жастарды адамгершілікке тәрбиелеу керек екенін айтты,"
165,"2022 жылғы 5-18 қаңтар аралығында Қазақстанның 34 мыңнан астам азаматы шет мемлекеттерден шығарылды, - деп хабарлайды Kaz.tengritravel.kz тілшісі ҚР"
166,Art Sport үйірмелеріне баратын балалардың ата-аналарына бағдарламаның тағдыры белгісіз екені және 2022 жылдың қаңтар айына өздері төлем жасау
167,"Әлеуметтік желіде Алматыдағы тәртіпсіздіктер кезінде қала әкімі Бақытжан Сағынтаевтың картежіне жасалған шабуыл видеосы жарияланды, - деп хабарлайды"
168,"""Қазақстан халқына"" қоғамдық қорына 12 миллиард теңгеден аса қаражат жиналды, - деп хабарлайды Tengrinews.kz тілшісі."
169,"Kaspi.kz және компанияның негізін қалаушылар Вячеслав Ким мен Михаил Ломтадзе ""Қазақстан халқына"" қорына 10 миллиард теңге аударады, - деп хабарлайды"
170,"Президенттің тапсырмасы бойынша құрылған ""Қазақстан халқына"" қоғамдық әлеуметтік қорының басшысы болып Болат Жәмішев тағайындалды, - деп хабарлайды"
171,"Бас мемлекеттік санитария дәрігерінің қаулысы жарияланды, - деп хабарлайды Tengrinews.kz тілшісі Санитариялық-эпидемиологиялық бақылау комитетінің"
172,"Әлеуметтік желіде Алматыдағы тәртіпсіздіктер ошағынан түсірілген видеолар тарап кетті. Видео авторы Дамир Аманжолов адамдарды құтқарғанын айтып,"
173,"Денсаулық сақтау министрі Ажар Ғиният ""Қазақстан халқына"" қорының қаржысы қандай бағытта жұмсалатынын айтты, - деп хабарлайды Tengrinews.kz"
174,"Ақтоты Райымқұлова мәдениет және спорт министрі лауазымындағы 2,5 жыл ішіндегі жұмысы туралы қысқаша қорытынды жасады, - деп хабарлайды Tengrinews.kz"
175,"Дәурен Абаев Қазақстан Республикасының мәдениет және спорт министрі болып тағайындалды, - деп хабарлайды Tengrinews.kz тілшісі."
176,"Мемлекет басшысы Қасым-Жомарт Тоқаев жаңа үкімет мүшелерін тағайындады, - деп хабарлайды Tengrinews.kz тілшісі."
177,"Президент Қасым-Жомарт Тоқаев ""Қазақстан халқына"" қоры немен айналысатынын айтты, - деп хабарлайды Tengrinews.kz тілшісі."
178,"Мәдениет және спорт министрлігі өкілі Алматыдағы Орталық мемлекеттік музей мен Ұлттық кітапханаға шабуыл жасалғанын мәлімдеді, - деп хабарлайды"
179,Алматы қалалық Спорт басқармасының басшысы Рүстем Байсейітовке ота жасалды. Бұл туралы Tengrinews.kz тілшісіне дереккөз хабарлады.
180,"Алматы әкімі Бақытжан Сағынтаевқа шабуыл жасалды, - деп хабарлайды Tengrinews.kz тілшісі. Бұл мәліметті оның орынбасары Ержан Бабақұмаров растады."
181,"Әйгілі саяхатшылар қызметінің негізін қалаушы және бас директоры Навин Диттакави жұлдызнама белгісіне қарай 2022 жылы қайда бару керегін айтты,"
182,"Президент Қасым-Жомарт Тоқаев қазақстандықтарды 2022 жылы не күтіп тұрғанын айтты, - деп хабарлайды Tengrinews.kz тілшісі."
183,"ER-BATYR жобасының жаңа шығарылымы қонақтармен сұхбат барысындағы ең үздік сәттерге арналған, онда ер адамның отбасы мен қоғамдағы ролі, жауапкершілігі"
184,"Жазғы демалыс сияқты қысқы каникулдың да көп адамдар үшін маңызы зор. Жаздағыдай абыр-сабыр, у-шу, қапырық ыстық жоқ, қысқа мерзімді болса да,"
185,Даңқты қолбасшы Жалаңтөс Баһадүрдің 445 жылдығына орай Сыр еліндегі Қазалы ауданында ескерткіш ашылды. Салтанатты шараға Қызылорда облысының
186,"Азия күрес федерациясының президенті және UWW бюросының мүшесі Дәулет Тұрлыханов Қазақстан грек-рим, еркін және әйелдер күресі федерациясының"
187,"Айдос Сәкенов Қазақстан Республикасы Мәдениет және спорт министрлігінің Туризм индустриясы комитеті төрағасы болып тағайындалды, - деп хабарлайды"
188,"Ақтөбедегі заң институтының қызметкері, полиция майоры Динара Дүйсенбаева Түркияда өткен әмбебап жекпе-жектен әлем чемпионатында алтын медаль"
189,Ақтөбе қаласының әкімі Асхат Шахаров қаладағы көшелерді түнгі жарықтандыру және қоғамдық орындарды көріктендіру жұмыстарының жүзеге асырылуымен
190,Бұл - Chevrolet пен Tengrinews бірлескен жобасының екінші шығарылымы. Жоба Қазақстан Республикасы Тәуелсіздігінің 30 жылдығына арналған.
191,"Қазақстанда спортшыларды даярлау жүйесін жетілдіру жоспарланып отыр. Мәдениет және спорт министрі Ақтоты Райымқұлованың айтуынша, талантты бала"
192,Chevrolet Tengrinews сайтымен бірге Тәуелсіздіктің 30 жылдығына орай Қазақстан мақтанышына өз өмірін отанымыздың бірегей жерлерімен байланыстырған
193,"Нидерланды премьер-министрінің міндетін атқарушы Марк Рютте, COVID-19 омикрон штамының таралуына байланысты елде рождество және жаңа жыл мерекелері"
194,"Қазақстандық боксшы Батыр Жүкембаев (19-1, 15 КО) мексикалық Хуан Хосе Мартинес Альваресті сенімді жеңді, - деп хабарлайды Vesti.kz."
195,"Талдықорған Ұлы Жібек жолының бойында, Жетісудың дәл ортасында, Қараталдың жағасында орналасқан. Ортағасырлық дәуірде қаланың орны ұшы-қиырына"
196,"Мемлекет басшысы Қасым-Жомарт Тоқаев Қазақстан Республикасы Тәуелсіздігінің 30 жылдығына арналған салтанатты жиында елдің тыныштығы мен тұрақтылығы,"
197,"Нұрсұлтан Назарбаев қазақстандық альпинист Мария Әуезованы қолдайтынын айтты, - деп хабарлайды Tengrinews.kz тілшісі."
198,"Оралда ер адам үш жыл бұрын жоғалған ұлын іздестіріп жүр, - деп хабарлайды Tengrinews.kz тілшісі ""Надежда"" газетіне сілтеме жасап."
199,"Мәскеудегі WKF лигасының аралас жекпе-жегіндегі іріктеу турнирі жаппай төбелеспен аяқталды, - деп хабарлайды Tengrinews.kz тілшісі kun.uz"
200,"Атырау облысы әкімдігі облыс әкімінің орынбасары Бақытгүл Хаменоваға қатысты тергеуде айтылған Абай ескерткіші туралы пікір білдірді, - деп"
201,"Нұрсұлтан Назарбаев пауэрлифтингтен спорт шебері, альпинист Мария Әуезовамен кездесті, - деп хабарлайды Tengrinews.kz тілшісі Elbasy.kz сайтына"
202,Серік Маратұлы Жарасбаев Қазақстан Республикасының мәдениет және спорт вице-министрі қызметіне тағайындалды. Бұл туралы Қазақстан премьер-министрі
203,"Алматы облысы, нақтырақ айтсақ, Жетісу өңірі - табиғаты тамаша, Қазақстандағы ежелгі мекендердің бірі. Мұнда көз тоймайтын табиғат көріністері"
204,"Алматы тауларында екінің бірі біле бермейтін ерекше орын бар. Мұнда Қара деп аталатын ерекше сарқыраманы көруге болады, тіпті ыстық ауа-райында"
205,"Мемлекет басшысы Қасым-Жомарт Тоқаев Есеп комитетінің төрағасы Наталья Годунованы қабылдады, - деп хабарлайды Tengrinews.kz тілшісі Ақорда сайтына"
206,"2021 жылғы 10 желтоқсан күні ""Түркістан"" сарайында ҚР Тәуелсіздігінің 30 жылдығына арналған салтанатты мерекелік іс-шара өтті. Салтанатты жиынға"
207,"2021 жылғы 6 желтоқсанда Нұр-Сұлтан қаласы, ""Астана"" концерттік залында XI ""Тәуелсіздік толғауы"" атты жаңа өнер туындыларына арналған және XVII"
208,Жамбыл облысы халқының үштен бірі бұқаралық спортпен жүйелі түрде айналысады. Өңірде 43 дене шынықтыру-сауықтыру кешені салынған. Тағы осындай
209,"Алматы тұрғыны автотұрақ үшін ағасын аяусыз ұрған сәттің куәгерлерін іздестіріп жатыр, - деп хабарлайды Tengrinews.kz тілшісі."
210,"Алматыда Әуезов көшесін ұзарту жұмыстары жүргізіліп жатыр. Қала тұрғындарының бірі құрылысшылар қазір қай кезеңде екенін биіктен көрсетті, -"
211,Кеше Нұр-Сұлтан қаласында аймақ басшысы Гүлшара Әбдіқалықова мен Навои облысының әкімі Нормат Тұрсунов қос өңірдің әріптестік аясын дамыту жөніндегі
212,"Белгілі қазақстандық режиссер Ермек Шынарбаевтың ""Қазақ тілі сабақтары"" фильмінің әлемдік деңгейдегі премьерасы 10 желтоқсанда Парижде өтеді,"
213,"Облыс әкімі Бердібек Сапарбаев Мамыр бағындағы мүмкіндігі шектеулі жандарға арналған ""Асар"" оңалту орталығында болып, ""Шапағат"" корпортивті"
214,"Бүгін облыстық Н.Бекежанов атындағы қазақ академиялық музыкалық драма театрында Қазақстанның еңбек сіңірген қайраткері, Қызылорда облысының"
215,"Ақтөбе әкімі Асхат Шахаров тағы бір лауазымға тағайындалды, - деп хабарлайды Tengrinews.kz тілшісі Қазақстанның Жауынгерлік өнер қауымдастығының"
216,Ел Тәуелсіздігінің 30 жылдық мерейтойы аясында бүгін Қызылорда облысының Шиелі ауданындағы Тұран елді мекені көгілдір отынға қосылды. Облыс
217,Түркістан облысының мамандандырылған сотында Дене шынықтыру және спорт басқармасының қызметкерлеріне қатысты қылмыстық істер қаралды. Спорттық
218,Тәуелсіздіктің 30 жылдығына орай Қордай ауданындағы Отар ауылында 180 орындық Мәдениет үйі пайдалануға берілді. Жаңа нысанның ашылуына облыс
219,"Қазақстан Республикасы Мәдениет және спорт министрлігі ""Әзірет Сұлтан"" мемлекеттік тарихи-мәдени қорық-музейінің ұйымдастыруымен Нұр-Сұлтан"
220,"Нұр-Сұлтанда бассейндегі қайғылы оқиға бойынша нұсқаушыға үкім шығарылды, - деп хабарлайды Tengrinews.kz тілшісі елорда сотының сайтына"
221,"Режиссер Болат Қалымбетовтің ""Мұқағали"" көркем фильмі 25-ші Таллин ""Қараңғы түндер"" (PÖFF) кинофестивалінде экуменикалық қазылар алқасының сыйлығына"
222,"Көкпар толықтай жасанды серке муляжымен ойналуы мүмкін. Бұл туралы ҚР Ұлттық спорт қауымдастығының атқарушы директоры Рахат Жақсыбай мәлімдеді,"
223,"Аустралия Бейжіңдегі қысқы Олимпиада ойындарына өкілдерін жіберуден бас тарту мүмкіндігін қарастырып жатыр, - деп хабарлайды Tengrinews.kz тілшісі"
224,"Nomad Stunts каскадері Әлия Ысқақова Канадада беделді киножүлдеге ие болды, - деп хабарлайды Tengrinews.kz тілшісі."
225,"Қазақстанның 30 елмен визасыз режимді қалпына келтіретіні туралы хабарлама мерзімінен бұрын қабылданған шешім болып шықты, - деп хабарлайды"
226,"Ташкентте өткен самбодан әлем чемпионатында Қазақстан құрамасы 10 медаль жеңіп алып, командалық есепте төртінші орын иеленді. Алғашқы үштікте"
227,Мәжіліс депутаты Қазыбек Иса 2022 жылғы әлем чемпионатындағы іріктеу матчында Франциядан Қазақстан құрамасы жеңілгеннен кейін мемлекет тарапынан
228,"Қазақстан мен Түркия режиссер Ақан Сатаевтың ""Томирис"" фильмінің негізінде бірлескен тарихи сериал түсіруге ниет білдіріп отыр, - деп хабарлайды"
229,"Биші әрі тележүргізуші, ""Танцы со звездами"" шоуының қатысушысы Кристина Асмаловская 41 жасында коронавирустан қайтыс болды. Бұл туралы оның"
230,"""Қазақстан аруы - 2021"" байқауының тарихында алғаш рет үш жеңімпаз анықталды, - деп хабарлайды Tengrinews.kz тілшісі."
231,"Су қоймасы - суды жинау және сақтау үшін салынған жасанды су қоймасы. Әдетте, оны жергілікті тұрғындар халық шаруашылығында пайдаланады. Бірақ"
232,Қазақстан футбол федерациясының (ҚФФ) бас хатшысы Азамат Айтхожин 2022 жылғы әлем чемпионатында ұлттық құраманың Франциядан жеңілгеніне қатысты
233,"Қазақстан премьер-министрі Асқар Мамин жұмыс күні қалай өтетінін айтып берді, - деп хабарлайды Tengrinews.kz тілшісі."
234,ҚР Мәдениет және спорт министрінің бұйрығымен Самат Серікқанұлы Ерғалиев Қазақстан Республикасы Мәдениет және спорт министрлігінің Спорт және
235,Нұр-Сұлтанда қар жауды. Tengrinews.kz фототілшісі Тұрар Қазанғапов жексенбі күні кешке елорда көшелерін аралады.
236,"Dauletten атымен танылған блогер Дәулет Мұқаев Bizben Podcast жобасының қонағы болды, - деп хабарлайды Tengrinews.kz тілшісі. "
237,"Қызық әрі пайдалы мақала ✅ Ғасыр мұрасы - ""Айқап""! ⚡ Tengrinews.kz интернет-порталында өзекті тақырыптағы жарияланымдарды онлайн оқыңыз."
238,"Талдықорғанда Қазақстан Республикасы Ауыр атлетика федерациясы жаттықтырушылар кеңесінің отырысы өтті, - деп хабарлайды Tengrinews.kz тілшісі"
239,"Әлем чемпионы Теміртас Жүсіпов пен чемпионаттың күміс жүлдегері Махмұд Сабырхан өз жеңістерін Қазақстан Тәуелсіздігінің 30 жылдығына арнайды,"
240,"Қызық әрі пайдалы мақала ✅ ""Менде Президентке тікелей телефон шалуға мүмкіндік бар"". Тоқаевтың баспасөз хатшысымен сұхбат ⚡ Tengrinews.kz интернет-порталында өзекті тақырыптағы жарияланымдарды онлайн оқыңыз."
241,"Киберспорт федерациясының PR директоры Батырхан Тоғайбаев Қазақстандағы киберспорттың танымалдылығы, ең танымал компьютерлік және мобильді ойындар"
242,"Алматыда ""Медеуге"" дейін қосымша автобус бағыты іске қосылады, - деп хабарлайды Tengrinews.kz тілшісі қалалық мобильділік басқармасына сілтеме"
243,"Мәдениет және спорт министрлігі Сербияның Белград қаласында өтіп жатқан бокстан әлем чемпионатында ""Дикий Арман"" лақапатымен танымал қазақстандық"
244,"Бала құқықтары жөніндегі уәкіл Аружан Саин Түркістан облысында спортқа бөлінген бюджет қаражатын орынсыз жұмсайтынын мәлімдеді. Оның айтуынша,"
245,"Мәжіліс отырысы бір минут үнсіздікпен басталды. Депутаттар 1 қарашада қайтыс болған Темірхан Досмұхамбетовті еске алды, - деп хабарлайды Tengrinews.kz"
246,"Нұр-Сұлтан қаласының бас мемлекеттік санитария дәрігері қаласында шектеу және карантин шараларны жеңілдету туралы қаулыға қол қойды, - деп хабарлайды"
247,"28 қазанда Алматыда CHEVROLET Fest болды, оның барысында жаңарған екі автокөліктің - Chevrolet Equinox пен Chevrolet Tracker-дің тест-драйвы"
248,"Министрдің бұйрығымен Ислам Байрамуков Мәдениет және спорт министрінің штаттан тыс кеңесшісі қызметіне тағайындалды, - деп хабарлайды Tengrinews.kz"
249,"ЮНЕСКО клубтарының Қазақстандық Ұлттық Федерациясының ""Жастар және мұра"" жобасы аясында Үздік туристік маршруттар жасағаны үшін Қазақстаннан"
250,"73 жасында ҚР туризм және спорт экс-министрі, Астананың экс-әкімі, ҚР Ұлттық Олимпиада комитетінің экс-президенті Темірхан Мыңайдарұлы Досмұхамбетов"
251,"Ел Тәуелсіздігінің 30 жылдығы аясында Жамбыл облысының орталығында Қырғыз Республикасының Талас және Шу облыстарының күндері өтті, - деп хабарлайды"
252,Алматыда танымал қазақстандық спорт журналисі Евгений Гайдамакин коронавирустан қайтыс болды. Бұл туралы журналист Айдын Қожахмет Telegram-арнасында
253,"Батысқазақстандық спортшылар шәкіртақы кешіккеніне шағымданды. Оларға ай сайын төлем жергілікті бюджет есебінен төленеді, - деп хабарлайды Tengrinews.kz"
254,"Кейде дәрігерлер қойған диагноздан кейін көңіліміз түсіп, үмітіміз өшіп жатады, бірақ рухы мықты адамдар әрбір мүмкіндікті пайдаланып, арманына"
255,Каспий теңізі - Қазақстанның батыс шекарасын жуып жатқан әлемдегі ең үлкен тұйық су қоймасы. Бұл саяхатшыларды өзінің әсем табиғатымен ғана
256,"Подкастер, стендапер, КВН-ші, комик Нұрмахан Мұқанұлы Tengrinews.kz сайтындағы #BizbenPodcast жобасына қонақ болды. Әзілкеш қазіргі"
257,Қазақстандықтар Нұр-Сұлтан мектебінде балаларға жасырын екпе егілді деген ақпарат таратып жатыр. Қалалық білім басқармасы бұл жалған ақпарат
258,"Нұрлан Домбаев спортта Қазақстанда ғана емес, әлемде де үлкен жетістіктерге жеткен. Ол - паратхэквондодан екі дүркін әлем чемпионы және үш дүркін"
259,"15-24 қазан аралығында Италияның Лидо-ди-Йезоло қаласында кикбоксингтен ересектер арасындағы Әлем чемпионаты өтіп, Қазақстан құрамасы 17 медаль"
260,"Фристайлдан Қазақстан құрамасының бас бапкері Елена Круглыхина команданың бұрынғы мүшесі Александр Геберттің айыптауына жауап берді, - деп хабарлайды"
261,"Бұған дейін қазақстандық спортшы, фристайл (могул) командасының экс-мүшесі Александр Геберт Instagram парақшасында 2020 жылы ұлттық құрамадан"
262,Спорт және дене шынықтыру комитетінің төрағасы қызметінен босатылған Серік Сәпиев Динара Сәтжанға берген эксклюзив сұхбатында жаңа жұмыс орнын
263,"Алматыда 9 жастағы баланы іздеу жұмыстары жүріп жатыр, - деп хабарлайды Tengrinews.kz тілшісі."
264,"Қасым-Жомарт Тоқаев Қарағанды облысына жұмыс сапары барысында Жезқазған қаласындағы дарынды балаларға арналған мамандандырылған ""Өркен"" мектеп-интернатына"
265,"Ержан Еркінбаев мәдениет және спорт вице-министрі болып тағайындалды, - деп хабарлайды Tengrinews.kz тілшісі Primeminister.kz сайтына сілтеме"
266,"Сауд Арабиясында Парсы шығанағындағы мұнай платформасында ойын-сауық саябағының құрылғаны туралы жарияланды, - деп хабарлайды Kaz.tengritravel.kz"
267,Бокстан Олимпиада чемпионы Серік Сәпиев Мәдениет және спорт министрлігі Спорт және дене шынықтыру істері комитетінің басшысы қызметінен кетуіне
268,Серік Сәпиев мәдениет және спорт министрлігі спорт және дене шынықтыру істері комитетінің төрағасы қызметінен босатылды. Ақпаратты министрлік
269,"Шахтинск қаласының 19 жастағы тұрғыны Руслан Фатахов кермеге тартылудан бес жаңа рекорд орнатып, Гиннестің рекордтар кітабына енді, - деп хабарлайды"
270,"Бақыт Ахметов ауыр атлетикадан Қазақстан ұлттық құрамасының бас бапкері қызметінен босатылды, - деп хабарлайды Tengrinews.kz тілшісі ауыр атлетика"
271,"BizbenPodcast жобасының бұл жолғы қонағы журналист Жұлдыз Әбділда болды, - деп хабарлайды Tengrinews.kz тілшісі."
272,"Әзілкеш Еркебұлан Мырзабек BizbenPodcast жобасының қонағы болды, - деп хабарлайды Tengrinews.kz тілшісі."
273,"Нұр-Сұлтандағы Қажымұқан Мұңайтпасов атындағы орталық стадион апаттық деп танылды. Ғимарат пен трибуна толық қиратылып, орнына жаңа кешен салынады."
274,"""Қостанай Аруы - 2021"" байқауының жеңімпазы Малика Каримова атанды, - деп хабарлайды Tengrinews.kz тілшісі."
275,"Жамбыл облысының орталығында ""Таразға тарту"" жобасы аясында гимнастика және үстел теннисі спорт кешені пайдалануға берілді, - деп хабарлайды"
276,Қарағандылықтар прокурордың балаларын апта сайын спорт кешеніне апаратын прокуратураның қызметтік көлігінің суретін түсіріп алды. Бұл факт бойынша
277,"Қазақстандық кинооператор және режиссер Игорь Вовнянко 80 жасқа қараған шағында қайтыс болды, - деп хабарлайды Tengrinews.kz тілшісі. Бұл туралы"
278,"Bizben Podcast жобасының бұл жолғы қонағы спорт комментаторы Ермұхамед Мәулен болды, - деп хабарлайды Tengrinews.kz тілшісі."
279,"Түркі өркениетінің ошағы, тарихы терең Тараз - тек еліміздегі ғана емес, Орталық Азиядағы ең көне қалалардың бірі. Мұны айғақтайтын тарихи негіздер,"
280,"Astana-Premier Tech велокомандасы 2022 жылы жаңа атауға ие болады, - деп хабарлайды Tengrinews.kz тілшісі команданың сайтына сілтеме жасап."
281,Елордада жастарға арналған Elorda Jastary арнайы тұрғын үй бағдарламасы іске қосылады. Бұл туралы елорда әкімі Алтай Көлгінов Instagram парақшасында
282,"Бүгін ақиық ақын Мұқағали Мақатаевтың 90 жылдығына орай Мелекеттік хатшы Қырымбек Көшербаев Хантәңірі мұзбалағының туған жері Қарасазда болып,"
283,"Мәдениет және спорт министрлігі өкілдері спортшылар мен бапкерлерге өмір бойына төленетін ақы неліктен көбейетінін түсіндірді, - деп хабарлайды"
284,"Ғабидолла Әбдірахымов мәдениет және спорт вице-министрі қызметінен кетті, - деп хабарлайды Tengrinews.kz тілшісі."
285,"Қазақстанда Олимпиада жүлдегерлері мен әлем чемпиондары, сондай-ақ олардың бапкеріне өмір бойына ай сайын төленетін ақыны ұлғайту ұсынылды."
286,"2022 жылы 4-20 ақпанда өтетін Пекиндегі қысқы Олимпиада мен Паралимпиада ойындарына шетелдік көрермендер қатыса алмайды, - деп хабарлайды Tengrinews.kz"
287,Іле-Алатау ұлттық саябағы Алматы қаласының маңында орналасқан және қала тұрғындары мен оңтүстік астана қонақтарының сүйікті демалыс орны болып
288,"Олимпиада чемпионы, бокстан мемлекеттік жаттықтырушы Бақтияр Артаев Қазақстан ҰОК Бас Ассамблеясында қанағаттанарлықсыз деп танылған боксшылардың"
289,"Президент Қасым-Жомарт Тоқаев Сингапурдың Surbana Jurong Wong Heang Fain компаниясының бас директорын қабылдады, - деп хабарлайды Tengrinews.kz"
290,"Tengrinews.kz сайтында ""Арамыздағы батырлар"" медиажобасы басталды. Жобаның мақсаты - ерлігінің арқасында біреудің өмірін құтқарып, басқаларға"
291,"Сергей Седов ауыр атлетикадан Қазақстан ерлер құрамасының аға бапкері қызметінен босатылды, - деп хабарлайды Tengrinews.kz тілшісі."
292,Түркияның курорттық Мугла провинциясына туристерді ерекше ойын-сауықпен тарту туралы шешім қабылданды. Ула ауданындағы Ula Arena стадионында
293,"Қазақстанның Тұңғыш Президенті елордада туристік, мәдени және әлеуметтік жаңа нысандар салу жоспарымен танысты, - деп хабарлайды Tengrinews.kz"
294,"Павлодарда спорт мектебінің залдарының бірінде жаттығу кезінде төбе опырылды. Ғимаратта жаттықтырушы мен оқушылар болды, олар шығып үлгерді."
295,"Танымал америкалық тележүргізуші Опра Уинфридің жобасы Instagram-да күзгі Алматының видеосын бөлісті, - деп хабарлайды Tengrinews.kz тілшісі."
296,"Алматы облысы, Сарқан ауданы тұрғын үй-коммуналдық шаруашылық және тұрғын үй инспекциясы бөлімінің басшысы ақша жымқырды деген күдікпен ұсталды,"
297,"Украиналық боксшы Александр Усик ұлыбританиялық Энтони Джошуаны жеңіп, ауыр салмақтағы 4 чемпиондық белбеу иегері атанды, - деп хабарлайды Tengrinews.kz"
298,Қазақстан бокс федерациясы боксшы Аида Сатыбалдинованың әйелдер құрамасындағы дәстүрлі емес жыныстық бағыт туралы айтқан сөзіне қатысты пікір
299,Президент Қасым-Жомарт Тоқаев екі күндік жұмыс сапарымен Маңғыстау облысына келді. Бұл туралы Мемлекет басшысының баспасөз хатшысы Берік Уәли
300,"Ауыратлет Альберт Линдердің бауыры тосын мәлімдеме жасады. Оның айтуынша, ауыратлет ағасының өзіне қол жұмсайтындай күйге түсуіне жаттықтырушысы"
301,"Параплан - бұл ең баяу ұшатын құрылғы, оны үйрену қиын емес, ол тіпті ұшқыштың қателіктеріне қарамастан, қауіпті аймақтан өздігінен шыға алады."
302,"Елбасының баспасөз қызметі Нұрсұлтан Назарбаевтың гольф ойнап жүрген видеосын жариялады, - деп хабарлайды Tengrinews.kz тілшісі."
303,"Мәдениет және спорт министрлігі ""Кинематография туралы"" заңға өзгерістер енгізуді жоспарлап отыр. фильмнің түпнұсқа нұсқасын міндетті түрде"
304,"Танымал америкалық кәсіпқой боксшы Рой Джонс Instagram тікелей эфирінде қай елдерде өмір сүре алатыны туралы сұраққа жауап берді, - деп хабарлайды"
305,Солтүстік Қазақстан облысындағы спорт мектебі Петропавл маңындағы республикалық тасжолында 12 жастағы велошабандоз қыздың өліміне қатысты пікір
306,"Бұрынғы мәдениет және спорт вице-министрі Ерлан Қожағапанов премьер-министрдің кеңесшісі болды, - деп хабарлайды Tengrinews.kz тілшісі."
307,"Мәдениет және спорт вице-министрі Ерлан Қожағапанов қызметінен кетті, - деп хабарлайды Tengrinews.kz тілшісі."
308,"1996 жылғы Олимпиада чемпионы, бірінші ауыр салмақта IBF тұжырымы бойынша бұрынғы әлем чемпионы қазақстандық Василий Жиров ""Спорт-Экспресс"""
309,"Бокстан 2008 жылғы Олимпиада чемпионы Бақыт Сәрсекбаев 2004 жылғы Олимпиада жеңімпазы, қазір Қазақстан бокс федерациясының вице-президенті Бақтияр"
310,"Шымкент тұрғыны қала мектептерінің бірінде оқушыларды ""ақылы"" және ""тегін"" оқитындар деп бөлетіндеріне шағымданды, - деп хабарлайды Tengrinews.kz"
311,"Нұр-Сұлтанда белгілі балуан, Олимпиада чемпионы Жақсылық Үшкемпіровке ескерткіш орнатылды, - деп хабарлайды Tengrinews.kz тілшісі."
312,Мемлекеттік хатшы Қырымбек Көшербаев Токиодағы Паралимпиадада сәтті өнер көрсеткен қазақстандық спортшыларға марапаттар мен ақшалай сертификат
313,"Алматылық Лаура Мұхтар Түркияда өтетін Miss Aura International 2021 сұлулық байқауына Қазақстан атынан қатысады, - деп хабарлайды Tengrinews.kz"
314,Қазақстанның Денсаулық сақтау министрлігі жанындағы Санитарлық-эпидемиологиялық бақылау комитетінің сайтында еліміздің бас санитар дәрігері
315,"Президент Қасым-Жомарт Тоқаевтың Қазақстан халқына жолдауы Ақорда сайтында жарияланды, - деп хабарлайды Tengrinews.kz тілшісі."
316,"ER-BATYR жобасының жаңа қонағы - ""Батыр боламын"" қоғамдық қорының президенті Арман Уахап. Жүргізуші Тимур Балымбетовпен әңгімеде ол қор құру"
317,"28 тамызда Ресейде ""Балтика-М"" мен ""Красная Звезда"" командалары арасындағы матч кезінде қақпашы Александр Шишмарев қаза болды. Дәрігерлер футболшыны"
318,"Шығыс Қазақстан облысы Тарбағатай ауданы Жетіарал ауылының мұғалімі 22 миллион теңгеге мектеп сатып алды, - деп хабарлайды Tengrinews.kz тілшісі."
319,"Танымал отбасылық дәрігер, педиатр Дмитрий Киреев балаларды дәстүрлі форматта оқуға дайындау бойынша ұсынысын бөлісті, - деп хабарлайды Tengrinews.kz"
320,Қазақстан мен Катар Доха - Алматы - Доха бағыты бойынша тікелей әуе рейсін ашуды және 30 күнге дейін визасыз режимді қалпына келтіруді жоспарлап
321,"Қазақстандық ауыратлет Денис Ұланов 2016 жылғы Рио-де-Жанейро Олимпиадасында қола медаль алғаны үшін әлі күнге дейін сыйақы алмағанын мәлімдеді,"
322,"Паралимпиада ойындары Токиода 24 тамызда басталады. Жарысқа Қазақстанның атынан спорттың жеті түрінен 25 спортшы қатысады, - деп хабарлайды"
323,"Пандемия басталғалы елімізде ішкі туризмнің қарқын алғаны байқалды. Қазақстандықтар әлеуметтік желілерде танымал демалыс орындарында, табиғи"
324,"Қазақстан Паралимпиада командасы Токиода өтетін 2020 жылғы ойындарға аттанды, - деп хабарлайды Tengrinews.kz тілшісі Olympic.kz сайтына сілтеме"
325,"Мемлекет басшысы Шығыс Қазақстан облысының әкімін қабылдады, - деп хабарлайды Tengrinews.kz тілшісі Ақорда сайтына сілтеме жасап."
326,Ауғанстан жастар құрамасының футболшысы Заки Анвари елден кетпек болғанда қаза тапты. Бұл туралы Twitter желісінде журналист Бабак Тагвай мәлім
327,Токио Олимпиадасында үш рет финалға шыққан қазақстандық гимнаст Милад Карими гимнастиканы барлық спорттың негізі деп санайды. Ол болашақта гимнастарға
328,"Абу-Дабидің төтенше жағдайларды, дағдарыстар мен апаттарды басқару комитеті 20 тамызда күшіне енетін жергілікті тұрғындар мен туристер үшін"
329,"Алматының бас санитария дәрігері Жандарбек Бекшин карантинді ұзарту туралы жаңа қаулысын түсіндірді, - деп хабарлайды Tengrinews.kz тілшісі."
330,Оңтүстік Корея президентінің резиденциясында ресми делегация мүшелері және Мемлекет басшысы Қасым-Жомарт Тоқаев пен президент Мун Чжэ Ин келіссөздер
331,"Олимпиада чемпионы Александр Винокуров ""Астана"" велокомандасына оралғаны туралы пікір білдірді, - деп хабарлайды Tengrinews.kz тілшісі Vesti.kz"
332,Алматы әкімдігі туризм саласына қызмет көрсету үшін Шымбұлақ аумағын қорғалатын табиғи аумақ қатарынан шығаруды сұрады. Осыған қатысты қала
333,"Александр Винокуров ""Астана"" велокомандасының спорт жетекшісі қызметіне оралады, - деп хабарлайды Tengrinews.kz тілшісі."
334,"Парижде өтетін 2024 жылғы Олимпиаданы ұйымдастыру комитеті турнирде таныстырылатын спорт түрлерінің тізімін жариялады, - деп хабарлайды Tengrinews.kz"
335,"Қазақстанда 15 тамызда Спорт күні атап өтіледі, - деп хабарлайды Tengrinews.kz тілшісі."
336,"Солтүстік Қазақстан облысы Қазақстан аумағының 3,6 пайызын алып жатыр. Сондай-ақ облыс табиғи ресурстарға бай. Көлдер, ормандар, шыңдар, көптеген"
337,Қазақстан Ұлттық Олимпиада комитеті (ҰОК) мен спорт федерациялары Токио Олимпиадасының нәтижелерін 10 қыркүйекке дейін талдайды. Бұл туралы
338,Премьер-министрдің орынбасары Ералы Тоғжанов елімізде бұқаралық және балалар спортын дамыту бойынша қазіргі проблемалар мен перспективалар жөнінде
339,"Денсаулық сақтау министрі Алексей Цой жаңа оқу жылында оқыту форматы бойынша ұсыныстарын айтты, - деп хабарлайды Tengrinews.kz тілшісі."
340,"Польшаның PKN ORLEN мұнай компаниясы Белорусь спортшысы Кристина Тимановскаяның демеушісі болды, - деп хабарлайды Tengrinews.kz тілшісі компания"
341,"Мемлекет басшысы Қасым-Жомарт Тоқаев Токио Олимпиадасынан сабақ алу керегін айтты, - деп хабарлайды Tengrinews.kz тілшісі. Бұл туралы Президент"
342,"Белорусь спортшысы Кристина Тимановская отбасымен Польшада екеніне қарамастан, қауіпсіздігіне алаңдайтынын айтты, - деп хабарлайды Tengrinews.kz"
343,"Францияның ""Пари Сен-Жермен"" футбол клубы (ПСЖ) аргентиналық шабуылшы Лионель Мессидің таныстырылымы үшін Эйфель мұнарасын жалға алған. Бұл"
344,"7 тамызда қазақстандықтар Токио Олимпиадасының бес спорт түрінен сынға түседі, - деп хабарлайды Tengrinews.kz тілшісі."
345,"Халықаралық Олимпиада комитеті (ХОК) Токио ойындарында екі Беларусь бапкерінің аккредитациясын жойды, - деп хабарлайды Tengrinews.kz тілшісі"
346,"6 тамызда қазақстандықтар жеті спорт түрінен жарыс жолына шығады, - деп хабарлайды Tengrinews.kz тілшісі."
347,"5 тамызда Токио Олимпиадасының тоғыз спорт түрінен 13 қазақстандық сынға түседі, - деп хабарлайды Tengrinews.kz тілшісі."
348,"Беларусь спортшысы Кристина Тимановская соңғы сәтте Варшаваға ұшудың орнына Венаға ұшып кетті, - деп хабарлайды Tengrinews.kz тілшісі Deutsche"
349,"4 тамызда қазақстандықтар Токио Олимпиадасында төрт спорт түрінен сынға түседі, - деп хабарлайды Tengrinews.kz тілшісі."
350,"3 тамызда қазақстандықтар Олимпиаданың бес спорт түрінен жарыс жолына шығады, - деп хабарлайды Tengrinews.kz тілшісі."
351,Отанына оралудан бас тартқан Беларусь спортшысы Кристина Тимановскаяны Польша қабылдауға дайын. Бұл туралы Польша сыртқы істер министрінің орынбасары
352,Токиода Олимпиада ойындарынан шығып қалған белорус жеңілатлеті Кристина Тимановскаяны өз елінің құрама өкілдері күштеп Минскіге алып кетпек
353,"Дүйсенбіде, 2 тамызда Нұр-Сұлтан, Алматы, Шымкент, Атырау, Қарағанды қалаларында жаңа карантин шектеулері күшіне енді, - деп хабарлайды Tengrinews.kz"
354,"2 тамызда қазақстандықтар Токио Олимпиадасының алты спорт түрінен жарыс жолына шығады, - деп хабарлайды Tengrinews.kz тілшісі."
355,Тамызда еліміздің бас санитария дәрігерінің бірнеше маңызды жаңалығы күшіне енеді. 2021 жылдың тамызында қандай өзгерістер болатыны жайлы Tengrinews.kz
356,"1 тамызда қазақстандықтар Токио Олимпиадасының бес спорт түрінен бақ сынасады, - деп хабарлайды Tengrinews.kz тілшісі."
357,"Спорт және дене шынықтыру істері комитетінің төрағасы, бокстан 2012 жылғы Олимпиада чемпионы Серік Сәпиев Sports True арнасына берген сұхбатында"
358,"31 шілдеде қазақстандық Токио Олимпиадасында төрт түрлі спорт түрінен сынға түседі, - деп хабарлайды Tengrinews.kz тілшісі."
359,"Қасым-Жомарт Тоқаев Қазақстан Ұлттық паралимпиада құрама командасының мүшелерімен кездесті, - деп хабарлайды Tengrinews.kz тілшісі Ақордаға"
360,"Спорт және дене шынықтыру істері комитетінің төрағасы, бокстан 2012 жылғы Олимпиада чемпионы Серік Сәпиев Токио Олимпиадасындағы төрешілерге"
361,"30 шілдеде Токио Олимпиадасында қазақстандық спортшылар тек екі спорт түрінен сынға түседі, - деп хабарлайды Tengrinews.kz тілшісі."
362,"Қазақстандық боксшы Василий Левит қолдау білдірген қазақстандықтарға алғыс айтты, - деп хабарлайды Tengrinews.kz тілшісі."
363,"21 жастағы Полина Гурьева Түркіменстан үшін ел тарихындағы алғашқы Олимпиада медалін жеңіп алды, - деп хабарлайды ""Хроники Туркменистана""."
364,"28 шілдеде Токио Олимпиадасында қазақстандықтар жеті спорт түрінен сынға түседі, - деп хабарлайды Tengrinews.kz тілшісі."
365,"Ақпарат және қоғамдық даму министрі Аида Балаева қазақстандық телеарналардағы Олимпиада трансляциясына қатысты мәселеге түсінік берді, - деп"
366,"27 шілдеде Токио Олимпиадасында қазақстандықтар 9 спорт түрінен жарыс жолына шығады, - деп хабарлайды Tengrinews.kz тілшісі."
367,"26 шілдеде Қазақстан құрамасы Токио Олимпиадасында сегіз спорт түрінен сынға түседі, - деп хабарлайды Tengrinews.kz тілшісі."
368,"25 шілдеде Қазақстан құрамасы Токио Олимпиадасында 12 спорт түрі бойынша бақ сынасады, - деп хабарлайды Tengrinews.kz тілшісі."
369,"Дмитрий Баландин Олимпиада-2020 ойындарында Қазақстанға екінші медаль әкелді, - деп хабарлайды Tengrinews.kz тілшісі."
370,"Нұр-Сұлтан қаласының бас мемлекеттік санитария дәрігерінің орынбасары Жанна Пралиева ""2021 жылғы 14 шілдедегі №23 Нұр-Сұлтан қаласында шектеу"
371,"Алматы облысының бас мемлекеттік санитария дәрігерінің жаңа қаулысы шықты, - деп хабарлайды Tengrinews.kz тілшісі."
372,"24 шілдеде Токио Олимпиадасында Қазақстан құрамасы жеті спорт түрінде жарыс жолына шығады, - деп хабарлайды Tengrinews.kz тілшісі."
373,"ҚР ЦДИАӨМ министрінің бұйрығымен Қажмұқан Бекмұқашев Қазақстан Республикасы Цифрлық даму, инновациялар және аэроғарыш өнеркәсібі министрлігінің"
374,"23 шілдеде Токиодағы Олимпиада ойындары басталды. Алғашқы сайыс күнінде қазақстандықтар екі спорт түрі бойынша жарыс жолына шығады, - деп хабарлайды"
375,"Қарағандыда көру қабілеті бұзылған балаларға арналған мектеп қирай бастады. Ғимарат қисайып, қабырғалары сөгілген, - деп хабарлайды Tengrinews.kz"
376,"Гвинея құрамасы Токиодағы Олимпиада ойындарына қатысудан бас тартты. Бұл туралы елдің спорт министрі Санусси Бантама Соу мәлімдеді, - деп хабарлайды"
377,"Спорт және дене шынықтыру істері комитетінің төрағасы, 2012 жылғы Олимпиада чемпионы Серік Сәпиев Қазақстанда Олимпиада ойындарын трансляциялау"
378,"Токиодағы жазғы Олимпиада ойындары аясында алғашқы жарыс басталды. Софтболдан Жапония әйелдер құрамы Аустралияны айқын басымдықпен жеңді, -"
379,"Нұр-Сұлтанда алғаш рет ""NS street life"" атты көше спортына арналған колизей мен бақылау алаңы ашылды. Бұл туралы қала әкімі Алтай Көлгінов Instagram парақшасында"
380,"Жапониядағы Олимпиада ауылында коронавирус жұқтыру дерегі тіркелді, - деп хабарлайды Tengrinews.kz тілшісі ""Хабар 24"" телеарнасына сілтеме жасап. "
381,16 шілде күні Қазақстан олимпиадалық командасының негізгі бөлігі Жапонияға ұшып кетті. Алматыдан бірінші рейспен 128 адам ұшып Токионы бетке
382,"Алматыдағы Қастеев атындағы өнер музейінің іргесінен салынған жаңа тұрғын үй кешенінің құрылысшысы өз есебінен арнайы дыбыс азайтатын жүйе орнатады,"
383,"Челси мен Англия құрамасының жартылай қорғаушысы Каллум Хадсон-Одои футболдан азаматтығын өзгертуге шешті, өйткені Маркус Рэшфорд, Джейдон Санчо"
384,Қазақстанның бас санитария дәрігері Ерлан Қиясовтың жаңа қаулысында күндізгі режиде жұмыс істеуі үшін қызметкерлері коронавирусқа қарсы вакцина
385,Алматыда Орталық мәдениет және демалыс саябағындағы велотректе екі жылда екінші рет қайта жөндеу жұмыстары жүргізіліп жатыр. Онда соңғы рет
386,"Нұр-Сұлтан, Шымкент, Қарағанды және Атырау облыстарында демалыс күндері карантин шектеулері күшейтіледі, - деп хабарлайды Tengrinews.kz тілшісі"
387,ҚР премьер-министрі Асқар Мамин ҚР аумағында коронавирус инфекцияның таралуына жол бермеу жөніндегі ведомствоаралық комиссияның (ВАК) отырысын
388,Мәдениет және спорт министрлігін Қастеев атындағы Мемлекеттік өнер мұражайына іргелес тұрған Central Esentai Resedence тұрғын үй кешені тұрғындарының
389,Елдегі эпидемиологиялық жағдайдың нашарлауына байланысты ведомствоаралық комиссия қызыл аймақтағы аймақтарда карантиндік шектеулерді күшейту
390,Алматыдағы мемлекеттік Қастеев атындағы өнер музейі іргелес орналасқан жаңа тұрғын үй кешені салдарынан зардап шегуі мүмкін. Қала тұрғындары
391,"Токио Олимпиадасында Қазақстан спортшылары қай күндері сынға түсетіні белгілі болды, - деп хабарлайды ""Хабар 24"" телеарнасы. "
392,"Нұр-Сұлтан қаласының бас мемлекеттік санитария дәрігерінің жаңа қаулысы шықты, - деп хабарлайды Tengrinews.kz тілшісі Санитариялық-эпидемиологиялық"
393,"Қарағанды облысының Осакаровка кентінде Нигериядан келген спортшы бірнеше футбол құрамасын жаттықтырады: кәсіби, әуесқой және ардагер. Самуэль"
394,"Бес салмақ дәрежесінде бокстан бұрынғы әлем чемпионы америкалық Флойд Мейвезер тарихтағы ең мықты боксшылардың бестігін атады, - деп хабарлайды"
395,"10-шы ""Қазақстан Барысы"" ұлттық спорт тарихында көрерменсіз өткенімен есте қалды. Сонымен қатар биылғы дода жаңа балуанның жұлдызын жағып, турнир"
396,"Павлодар облысыгда карантин күшейтілді, жаңа қаулы 7 шілдеден бастап күшіне енеді. Сонымен қатар Атырау облысында да карантин күшейтілді, қаулы"
397,"Мемлекеттік хатшы Қырымбек Көшербаев Дина Нұрпейісоваға арналған ескерткіштің ашылу рәсіміне қатысты, - деп хабарлайды Tengrinews.kz тілшісі"
398,"Қазақстанның Израильдегі елшілігі Тель-Авив мэриясының және ""Казцинк"" корпорациясының қолдауымен қаланың ең танымал туристік аймақтарының бірі"
399,"Мемлекет басшысы ХХХІІ жазғы Олимпиада ойындары қарсаңында Қазақстанның ұлттық құрама командасының мүшелерімен кездесті, - деп хабарлайды Tengrinews.kz"
400,"Қазақстанның Ұлттық Олимпиада комитеті Токио-2020 Олимпиадасына арналған команданың киім үлгісін ұсынды, - деп хабарлайды Vesti.kz."
401,Қазақстандық спортшылар Токиода өтетін жазғы Олимпиада ойындарына спорттың 27 түрінен 96 жолдама жеңіп алды. Қазақстан Ұлттық Олимпиадалық
402,"Биылғы балуандар бәйгесінде 37 үміткер бақ сынайды. Олар Нұр-Сұлтан, Алматы, Шымкент қалалары мен облыстарда өткен іріктеуден оза шапқандар."
403,Отдых на Иссык-Куле - это один из самых привлекательных вариантов провести отпуск. Кaz.tengritravel.kz  тілшісі Kaktus.media сайтына сілтеме
404,"Қазақстанның бас санитария дәрігері Ерлан Қиясов жаңа қаулыға қол қойды, онда вакцина алмаған қызметкерлерді жұмыс орнына келуін шектейтін компаниялар"
405,"EURO-2020-ның Украина мен Швеция арасындағы матчі кезінде белгісіз біреулер Ресейдің туын жамылған жанкүйердің киімін жыртып тастады, - деп"
406,"Қазақстанның Мәдениет және спорт министрлігі ""Астана"" командасында Александр Винокуровпен болған жағдайға қатысты мәлімдеме жасады, - деп хабарлайды"
407,2012 жылғы Олимпиада чемпионы Александр Винокуров Astana-Premier Tech велокомандасының спорт жетекшісі қызметінен кетеді. Бұл туралы команда
408,23-24 маусым аралығында Өзбекстанның Қоқан қаласында Түркітілдес мемлекеттер ынтымақтастық кеңесінің ұйымдастыруымен туризм министрлерінің VI
409,"Саяси Кеңес Бюросының қаулысымен ""Nur Otan""-ның партиялық тізімі бойынша Парламент Мәжілісі депутатының мандаты мерзімінен бұрын шығарылған"
410,Қазақстанда RS жинағындағы Chevrolet Equinox орташа өлшемді кроссовері ұсынылды. Кроссовер қысқа уақыт ішінде Chevrolet үлгілері қатарында танымал
411,"Мәжілістің бұрынғы депутаты Тарас Хитуов 57 жасында қайтыс болды, - деп хабарлайды Tengrinews.kz тілшісі inAktau.kz сайтына сілтеме жасап."
412,10 жастағы қазақстандық файтер Әмір Байғазин өзінің кумирі - аралас жекпе-жектегі даңқты спортшы Хабиб Нурмагомедовпен кездесті. Бұл туралы
413,"Футболдан Қазақстан чемпионатында тағы да ұпай жоғалтқан ""Ордабасы"" командасының жанкүйерлері клуб автобусын стадионнан шығармай, алдын жауып"
414,"Қазақстандық домбырашылар Темірлан Олжабай мен Ернат Наурыз Bridge TV телеарнасының жүлдесін жеңіп алды, - деп хабарлайды Tengrinews.kz тілшісі."
415,"Ақан Әбдуәлиев ҚР Мәдениет және спорт министрлігі Мәдениет комитетінің төрағасы қызметіне тағайындалды, - деп хабарлайды Tengrinews.kz тілшісі"
416,"Хабиб Нурмагомедов Алматыда өткен баспасөз конференциясында боксшы Геннадия Головкин туралы сұрақтарға жауап берді, - деп хабарлайды Vesti.kz."
417,"Каратэші Юлдашев пен Берульцева Олимпиада лицензиясына ие болды, - деп хабарлайды Tengrinews.kz тілшісі Шымкент қаласы әкімдігінің баспасөз"
418,"Дүниежүзілік денсаулық сақтау ұйымы (ДДСҰ) рұқсат еткен вакцинаны салдырған саяхатшыларға жаңа бағыт ашылады, - деп хабарлайды Kaz.tengritravel.kz"
419,"Бүгін, 13 маусымда қазақстандық атақты мәнерлеп сырғанаушы Денис Тен 28 жасқа толар еді. Ол 2018 жылы 19 шілдеде ұрылардың толынан қаза тапты."
420,"""Нұр-Сұлтан - жайлы қала"" мастер-жоспары аясында Ә.Мәмбетов көшесінде жаяу жүргіншілерге арналған Demalys Promenade көшесі ашылды, - деп хабарлайды"
421,Алматылықтар әл-Фараби даңғылы маңында салынып жатқан ірі құрылысқа шағымданды. Тұрғындар онда құрылыс салу ережелері бұзылған деп санайды.
422,Қуат Қахарманұлы Борашев Қазақстан Республикасы Мәдениет және спорт министрлігінің Архив істері және құжаттаманы басқару комитетінің төрағасы
423,"Қазақстандық бокс ардагері Қазбек Ашляев өмірден озды, - деп хабарлайды Tengrinews.kz тілшісі."
424,"Бокстан Олимпиада чемпионы Бақтияр Артаев жаңа қызметке тағайындалды, - деп хабарлайды Vesti.kz."
425,Украина футбол қауымдастығының президенті Андрей Павелко Facebook желісіндегі парақшасында Украина ұлттық құрамасының Еуро-2020 турнирінде киетін
426,"Алматының бас санитария дәрігері Жандарбек Бекшин жаңа қаулыны түсіндірді, - деп хабарлайды Tengrinews.kz тілшісі."
427,ВАК-тың келесі отырысында Ресей Федерациясымен құрлық шекарасын ашу мәселелері талқыланады. Бұл туралы Қазақстан аумағында коронавирус инфекциясының
428,5 маусымда 9.00-де Чон-Алай ауданының Унжу-Бұлақ елді мекеніндегі мемлекеттік шекараның қырғыз-тәжік учаскесіндегі жағдай салыстырмалы түрде
429,"Шығыс Қазақстан облысында орналасқан ""Рахман қайнары"" шипажайы, қала сыртындағы ""Нұртау"" қонақүйі және ""Порт Фортуна"" демалыс базасының өкілдері"
430,"Kaspi.kz ҚР цифрлық даму, инновациялар және аэроғарыш өнеркәсібі министрлігімен бірлесіп жаңа жобаны іске қосты. Қазақстандықтар енді қоғамдық"
431,Ақтөбеде қаза тапқан Азия чемпионының туыстары істі қосымша тергеуге қайтаруды талап етті. Іс қазір сотқа жіберілген. Сотталушы - бір адам.
432,"Таиландтың туризм кеңесі (TCT) туристер үшін жаңа науқан - ""бір түн, бір доллар"" ұйымдастыруды жоспарлап отыр. Оған сәйкес туристер қонақүйде"
433,"Қажымұқанның 150 жылдығына арналған қазақ күресінен Қазақстан Кубогінің жеңімпаздары анықталды, - деп хабарлайды Tengrinews.kz тілшісі."
434,"Қазақстан мен Өзбекстан Silk Road Visa бірыңғай визасына қатысты жұмысты аяқтап жатыр. Оны ""азиялық шенген"" деп те атайды. Болашақта шетелдіктер"
435,Шымкенттің әл-Фараби аудандық соты қаланың дене шынықтыру және спорт басқармасының бұрынғы басшысы Олег Почивалов Ресей ІІМ-нің осы елдің азаматтығы
436,"Мәдениет және спорт министрі Ақтоты Райымқұлова танымал ақын, жазушы, хореограф Дүйсенбек Нақыповтың қайтыс болуына байланысты марқұмның отбасы"
437,Дене шынықтыру және спорт басқармасының экс-басшысы Олег Почивалов өмір бойында Шымкентте тұрып келгенін және ешқашан қос азаматтығы болмағанын
438,"Грузия - табиғаты керемет, хош иісті шарабы бар, әуезді ән мен бидің мекені. Пандемияға байланысты ел шекаралары 2020 жылдың наурызынан бастап"
439,"25 мамырда Қазақстанда жаңа Chevrolet Equinox кроссоверінің сатылымы басталды. Бұл - спорт дизайнында жасалған, қозғалтқышы қуатты, салоны заманауи,"
440,Алматы қаласында орналасқан орталық саябақтағы велотрек қайта қалпына келтірілуде. Қазақстанның велосипед спорты федерациясының бастамасымен
441,"Ақтоты Райымқұлова Димаш Құдайбергенге Президенттің құттықтау хатын табыстады, - деп хабарлайды Tengrinews.kz тілшісі."
442,"Бүгін сағат 21.00-де ""Астана"" - ""Қайрат"" арасында Қазақстан чемпионатының 13-турының орталық матчі өтеді. Бұл жолы бас санитария дәрігерінің"
443,Қасым-Жомарт Тоқаев пен Эмомали Рахмон шағын форматтағы кездесуден кейін екі елдің ресми делегацияларының қатысуымен кеңейтілген құрамда келіссөз
444,"СҚО-да шаңды дауыл салдарынан әкімдік пен төрт мектеп шатырсыз қалды, - деп хабарлайды Tengrinews.kz тілшісі."
445,Қазақстандық балалар 2022 жылдан бастап тегін ұша алады. Біз Kids gou free бағдарламасы туралы айтып отырмыз. Бұл бағдарлама бойынша 2 жастан
446,"Мемлекеттік қызмет істері агенттігі шенеуніктерден 3,4 миллион теңге айыппұл өндірді, - деп хабарлайды Tengrinews.kz тілшісі агенттіктің баспасөз"
447,"Бразилиялық саясаткер әрі жыныстық азшылықтардың құқығын қорғаушы Агрипино Магальяеш франциялық ""Пари Сен-Жермен"" және Бразилия құрамасының"
448,"Нұр-Сұлтанда ""Астана ""Президенттік кәсіби спорт клубы"" корпоративтік қорының бұрынғы атқарушы директоры Аманбек Кульчиков пен ""Astana Pro Team"
449,"Таиланд үкіметі 2022 жылдың қаңтарынан бастап шетелдік туристерге алым енгізуді жоспарлап отыр, - деп хабарлайды Кaz.tengritravel.kz порталы"
450,"Аллерголог-иммунолог Гүлжан Әбдіқадірова I-BALAQAI жобасының эфирінде балалардағы аллергия туралы ойын бөлісті. Сарапшы аллергияның не екенін,"
451,"Қазақстан Президенті Қасым-Жомарт Тоқаев Бала құқықтары жөніндегі уәкіл Аружан Саинды қабылдады, - деп хабарлайды Tengrinews.kz тілшісі."
452,"Қасым-Жомарт Тоқаев аса көрнекті композитор, Қазақстанның халық әртісі Ескендір Хасанғалиевтің отбасы мен жақын туыстарына көңіл айтты, - деп"
453,Қазақстандық әнші және композитор Ескендір Хасанғалиев қайтыс болды
454,Павлодар облысында карантин шаралары күшейтілді. Жаңа қаулыны Павлодар облысының бас санитария дәрігері қабылдады. Шектеулер 3 мамырдан бастап
455,Биатлон бойынша Олимпиаданың күміс жүлдегері Елена Хрусталева I-BALAQAI жобасының эфирінде бала өміріндегі спорттың ролі туралы ойын айтты.
456,Балаға спорт таңдауда қалай көмектесу керек? Ата-ана тарапынан болатын қысым неге әкеліп соғады? Баланың Олимпиада чемпионы болуын талап ету
457,Павлодар тұрғындары коронавирусқа қарсы вакцинаны көшелерде арнайы шатырларда салдыра алады. Олар халық көп жиналатын жерлерде және қаладағы
458,"Тараз тұрғыны қазақстандықтарды спорт шараларына ұтыс тігіп, 50 пайыз табыс шығарып беретініне сендірген. Бұл туралы ІІМ Криминалдық полиция"
459,"ҚР Үкіметінің қаулысымен Ерлан Қожағапанов ҚР мәдениет және спорт вице-министрі қызметіне тағайындалды, - деп хабарлайды Tengrinews.kz тілшісі"
460,"Қазақстандық боксшы Бекзад Нұрдәулетов ""Санкт-Петербург Губернаторының Кубогы - 2021"" халықаралық турнирінің жеңімпазы болды, - деп хабарлайды"
461,"Хорватияның туризм министрлігі шетелдік туристер үшін ""Хорватия аралдары – коронавируссыз аймақтар"" науқанын бастады, - деп хабарлайды"
462,"Жұма, 23 сәуірде Нұр-Сұлтанның бас мемлекеттік санитария дәрігері Сархат Бейсенова ""Шектеу және карантиндік шараларды күшейту туралы"" жаңа қаулыға"
463,"Соңғы жылдары Қазақстан әр түрлі халықаралық рейтингтерде демалуға арналған ел, әсіресе экотуризмнің орны ретінде танымал бола бастады. Мәдениет"
464,Вакцина салдырған туристер 1 шілдеден бастап Пхукетке карантинсіз кіре алмайды. Коронавирус жұқтырғандар санының өсуі және вакцинаның жеткіліксіз
465,"Өзбекстанда журналистерге Гүлнара Каримовадан тәркіленген және сатылымға қойылған ""Сиджак"" демалыс үйі көрсетілді, - деп хабарлайды Tengrinews.kz"
